Period,Avg Scale,Min Scale,Max Scale,Risk-OFF %
Full (1999–2026),0.8941939753052045,0.4459435557259794,1.0,13.333333333333334
Lost Decade (2000–2010),0.8394763184202875,0.4915605664526837,1.0,25.210084033613445
Post-GFC Bull (2011–2026),0.930168567400813,0.4459435557259794,1.0,5.524861878453039
