Period,Avg Scale,Min Scale,Max Scale,Risk-OFF %
Full (1999–2026),0.9375625335290103,0.44594305688005814,1.0,13.333333333333334
Lost Decade (2000–2010),0.8885854671291517,0.49156113395613504,1.0,25.210084033613445
Post-GFC Bull (2011–2026),0.9697629252504645,0.44594305688005814,1.0,5.524861878453039
