Period,Months,CAGR (Strat),CAGR (SPY),Sharpe (rf=0),Sharpe SPY (rf=0),MaxDD (Strat),MaxDD (SPY),Ann.Vol (Strat),Ann.Vol (SPY),Avg Turnover
Full (1999–2026),300,0.08064616432069571,0.08637157834997788,0.6677937946527815,0.6283789173630907,-0.33430587121632993,-0.5078482778032968,0.12899022490212386,0.15043364351559835,0.22444444444444442
Lost Decade (2000–2010),119,0.04707297025888657,0.009926551605738299,0.4109514720268776,0.14314945061923284,-0.33430587121632993,-0.5078482778032968,0.13396562358750735,0.16370531842286445,0.2408963585434173
Post-GFC Bull (2011–2026),181,0.10330355264605395,0.1397571877139241,0.8482780989853951,1.0100774530304015,-0.19014080180130022,-0.23927186650876942,0.12563839745638805,0.13986189732170032,0.21362799263351745
