Period,Series,Ann Return,Ann Vol,Sharpe (rf=0),Max Drawdown,Calmar,Months
Full (1999–2026),Base,0.08840255853375578,0.1446672052388981,0.611075318609847,-0.3905993081873178,0.22632543550579204,300.0
Full (1999–2026),Macro,0.08706799866487525,0.1380610267749053,0.6306486392197481,-0.38964178763952717,0.22345652193092094,300.0
Full (1999–2026),SPY,0.08637156694689474,0.15043365435372144,0.5741505603779682,-0.507847936388697,0.17007367906441115,300.0
Lost Decade (2000–2010),Base,0.047619339522705584,0.15995266931655958,0.2977089393141853,-0.3905993081873178,0.1219135275576807,119.0
Lost Decade (2000–2010),Macro,0.048035837931594605,0.14641617180164512,0.3280774066178315,-0.38964178763952717,0.1232820489367902,119.0
Lost Decade (2000–2010),SPY,0.00992650872747558,0.16370541449711853,0.06063641057914002,-0.507847936388697,0.01954622243434307,119.0
Post-GFC Bull (2011–2026),Base,0.11607708805813832,0.13369305094000977,0.8682357627564651,-0.1993824240522617,0.5821831518494952,181.0
Post-GFC Bull (2011–2026),Macro,0.11351874573513543,0.13226195353795756,0.8582872299898168,-0.19902223865283764,0.570382217100626,181.0
Post-GFC Bull (2011–2026),SPY,0.13975719969973244,0.13986184216474792,0.9992518154816507,-0.23927183400299745,0.5840938206624924,181.0
